<?xml version="1.0" encoding="UTF-8"?><?xml-stylesheet type='text/xsl' href='_UpgradeReport_Files/UpgradeReport.xslt'?><UpgradeLog>
<Properties><Property Name="Solution" Value="TreeViewMS">
</Property><Property Name="Solution File" Value="C:\jly\GameEngine_v2.0\treeviewms_src\TreeViewMS\TreeViewMS.sln">
</Property><Property Name="User Options File" Value="C:\jly\GameEngine_v2.0\treeviewms_src\TreeViewMS\TreeViewMS.suo">
</Property><Property Name="Date" Value="May 29, 2008">
</Property><Property Name="Time" Value="11:10 AM">
</Property></Properties><Event ErrorLevel="0" Project="" Source="TreeViewMS.sln" Description="File successfully backed up as C:\jly\GameEngine_v2.0\treeviewms_src\TreeViewMS\Backup\TreeViewMS.sln">
</Event><Event ErrorLevel="0" Project="" Source="TreeViewMS.suo" Description="File successfully backed up as C:\jly\GameEngine_v2.0\treeviewms_src\TreeViewMS\Backup\TreeViewMS.suo">
</Event><Event ErrorLevel="0" Project="TreeViewMS" Source="TreeViewMS.csproj" Description="Project file successfully backed up as C:\jly\GameEngine_v2.0\treeviewms_src\TreeViewMS\Backup\TreeViewMS.csproj">
</Event><Event ErrorLevel="0" Project="TreeViewMS" Source="TreeViewMS.csproj.user" Description="Project user file successfully backed up as C:\jly\GameEngine_v2.0\treeviewms_src\TreeViewMS\Backup\TreeViewMS.csproj.user">
</Event><Event ErrorLevel="0" Project="TreeViewMS" Source="AssemblyInfo.cs" Description="File successfully backed up as C:\jly\GameEngine_v2.0\treeviewms_src\TreeViewMS\Backup\AssemblyInfo.cs">
</Event><Event ErrorLevel="0" Project="TreeViewMS" Source="TreeViewMS.cs" Description="File successfully backed up as C:\jly\GameEngine_v2.0\treeviewms_src\TreeViewMS\Backup\TreeViewMS.cs">
</Event><Event ErrorLevel="0" Project="TreeViewMS" Source="TreeViewMS.resx" Description="File successfully backed up as C:\jly\GameEngine_v2.0\treeviewms_src\TreeViewMS\Backup\TreeViewMS.resx">
</Event><Event ErrorLevel="0" Project="TreeViewMS" Source="TreeViewMS.csproj" Description="Project converted successfully">
</Event><Event ErrorLevel="3" Project="TreeViewMS" Source="TreeViewMS.csproj" Description="Converted">
</Event><Event ErrorLevel="1" Project="demoapp" Source="..\demoapp\demoapp.csproj" Description="Warning: The project file is being backed up to a relative path that differs from the original solution relative path.  The difference in folder hierarchy may create problems in opening or building the backed up solution and project.">
</Event><Event ErrorLevel="0" Project="demoapp" Source="..\demoapp\demoapp.csproj" Description="Project file successfully backed up as C:\jly\GameEngine_v2.0\treeviewms_src\TreeViewMS\Backup\demoapp\demoapp.csproj">
</Event><Event ErrorLevel="0" Project="demoapp" Source="..\demoapp\demoapp.csproj.user" Description="Project user file successfully backed up as C:\jly\GameEngine_v2.0\treeviewms_src\TreeViewMS\Backup\demoapp\demoapp.csproj.user">
</Event><Event ErrorLevel="0" Project="demoapp" Source="..\demoapp\AssemblyInfo.cs" Description="File successfully backed up as C:\jly\GameEngine_v2.0\treeviewms_src\TreeViewMS\Backup\demoapp\AssemblyInfo.cs">
</Event><Event ErrorLevel="0" Project="demoapp" Source="..\demoapp\Form1.cs" Description="File successfully backed up as C:\jly\GameEngine_v2.0\treeviewms_src\TreeViewMS\Backup\demoapp\Form1.cs">
</Event><Event ErrorLevel="0" Project="demoapp" Source="..\demoapp\App.ico" Description="File successfully backed up as C:\jly\GameEngine_v2.0\treeviewms_src\TreeViewMS\Backup\demoapp\App.ico">
</Event><Event ErrorLevel="0" Project="demoapp" Source="..\demoapp\Form1.resx" Description="File successfully backed up as C:\jly\GameEngine_v2.0\treeviewms_src\TreeViewMS\Backup\demoapp\Form1.resx">
</Event><Event ErrorLevel="0" Project="demoapp" Source="..\demoapp\demoapp.csproj" Description="Project converted successfully">
</Event><Event ErrorLevel="3" Project="demoapp" Source="..\demoapp\demoapp.csproj" Description="Converted">
</Event><Event ErrorLevel="0" Project="" Source="TreeViewMS.sln" Description="Solution converted successfully">
</Event><Event ErrorLevel="3" Project="" Source="TreeViewMS.sln" Description="Converted">
</Event><Event ErrorLevel="0" Project="TreeViewMS" Source="TreeViewMS.csproj" Description="Scan complete: Upgrade not required for project files.">
</Event><Event ErrorLevel="0" Project="demoapp" Source="..\demoapp\demoapp.csproj" Description="Scan complete: Upgrade not required for project files.">
</Event></UpgradeLog>