<?xml version="1.0" encoding="UTF-8"?><?xml-stylesheet type='text/xsl' href='_UpgradeReport_Files/UpgradeReport.xslt'?><UpgradeLog>
<Properties><Property Name="Solution" Value="GameEngine">
</Property><Property Name="Solution File" Value="C:\jly\GameEngine_v2.0\GameEngine.sln">
</Property><Property Name="Date" Value="October-09-10">
</Property><Property Name="Time" Value="19:57 PM">
</Property></Properties><Event ErrorLevel="1" Project="GameEngine" Source="GameEngine\GameEngine.csproj" Description="Your project is targeting .NET Framework 2.0 or 3.0. If your project uses assemblies requiring a newer .NET Framework, your project will fail to build. You can change the .NET Framework version by clicking Properties on the project menu and then selecting a new version in the '.NET Framework' dropdown box. (In Visual Basic, this is located on the Compile tab by clicking the 'Advanced Compiler Options...' button.)">
</Event><Event ErrorLevel="0" Project="GameEngine" Source="GameEngine\GameEngine.csproj" Description="Project converted successfully">
</Event><Event ErrorLevel="3" Project="GameEngine" Source="GameEngine\GameEngine.csproj" Description="Converted">
</Event><Event ErrorLevel="1" Project="TreeViewMS" Source="treeviewms_src\TreeViewMS\TreeViewMS.csproj" Description="Your project is targeting .NET Framework 2.0 or 3.0. If your project uses assemblies requiring a newer .NET Framework, your project will fail to build. You can change the .NET Framework version by clicking Properties on the project menu and then selecting a new version in the '.NET Framework' dropdown box. (In Visual Basic, this is located on the Compile tab by clicking the 'Advanced Compiler Options...' button.)">
</Event><Event ErrorLevel="0" Project="TreeViewMS" Source="treeviewms_src\TreeViewMS\TreeViewMS.csproj" Description="Project converted successfully">
</Event><Event ErrorLevel="3" Project="TreeViewMS" Source="treeviewms_src\TreeViewMS\TreeViewMS.csproj" Description="Converted">
</Event><Event ErrorLevel="0" Project="" Source="GameEngine.sln" Description="Solution converted successfully">
</Event><Event ErrorLevel="3" Project="" Source="GameEngine.sln" Description="Converted">
</Event><Event ErrorLevel="0" Project="GameEngine" Source="GameEngine\GameEngine.csproj" Description="Scan complete: Upgrade not required for project files.">
</Event><Event ErrorLevel="0" Project="TreeViewMS" Source="treeviewms_src\TreeViewMS\TreeViewMS.csproj" Description="Scan complete: Upgrade not required for project files.">
</Event></UpgradeLog>